bg_id,county,state,cbsa,county_fips,state_fips,cbsa_fips,cbsa_type,updated,population,housing_units,land_acres,protected_acres,tribal_acres,zonable_acres,num_jurisdictions,num_published,num_haszoning,num_haszoning_missingdocs,zoned_acres,unzoned_acres,num_districts,primarily_residential_acres,nonresidential_acres,mixed_with_residential_acres,all_residential_acres,family1_allowed_acres,family1_hearing_acres,family1_prohibited_acres,family2_allowed_acres,family2_hearing_acres,family2_prohibited_acres,family3_allowed_acres,family3_hearing_acres,family3_prohibited_acres,family4_allowed_acres,family4_hearing_acres,family4_prohibited_acres,family1_only_acres,family1_mls_no_min_lot_size_acres,family1_mls_under_10k_sqft_acres,family1_mls_10k_to_19999_sqft_acres,family1_mls_20k_to_39999_sqft_acres,family1_mls_40k_to_79999_sqft_acres,family1_mls_80k_sqft_and_more_acres,family1_mls_varies_acres,adu_allowed_acres,adu_allowed_restricted_acres,adu_hearing_acres,adu_hearing_restricted_acres,adu_prohibited_acres,parking_required_acres,protected_pct,tribal_pct,zonable_pct,zoned_pct,unzoned_pct,primarily_residential_pct,nonresidential_pct,mixed_with_residential_pct,all_residential_pct,family1_allowed_pct,family1_hearing_pct,family1_prohibited_pct,family2_allowed_pct,family2_hearing_pct,family2_prohibited_pct,family3_allowed_pct,family3_hearing_pct,family3_prohibited_pct,family4_allowed_pct,family4_hearing_pct,family4_prohibited_pct,family1_only_pct,family1_mls_no_min_lot_size_pct,family1_mls_under_10k_sqft_pct,family1_mls_10k_to_19999_sqft_pct,family1_mls_20k_to_39999_sqft_pct,family1_mls_40k_to_79999_sqft_pct,family1_mls_80k_sqft_and_more_pct,family1_mls_varies_pct,adu_allowed_pct,adu_allowed_restricted_pct,adu_hearing_pct,adu_hearing_restricted_pct,adu_prohibited_pct,parking_required_pct
330019654001,Belknap County,New Hampshire,"Laconia, NH",33001,33,29060,micro,2026-07-01,1090,611,4420,30,0,4391,2,2,2,0,3962.86,427.14,5,3834.8,0,128.05,3962.86,3962.86,0,0,0,0,3962.86,0,128.02,3834.84,0,128.02,3834.84,3962.86,0,0,0,128.02,213.12,3621.71,0,0,3834.84,0,0,128.02,0.09,0.68,0,99.34,89.66,9.66,96.77,0,3.23,100,100,0,0,0,0,100,0,3.23,96.77,0,3.23,96.77,100,0,0,0,3.23,5.38,91.39,0,0,96.77,0,0,3.23,0
330019654002,Belknap County,New Hampshire,"Laconia, NH",33001,33,29060,micro,2026-07-01,1963,943,25610,228,0,25382,5,5,5,0,24592.69,789.31,5,23894.94,492.55,205.19,24100.13,24100.13,0,0,0,2.46,24097.68,0,198.66,23901.47,0,198.66,23901.47,24100.13,0.02,0,0,196.21,944.89,22959.01,0,0,23892.04,0,11.44,196.65,11.89,0.89,0,99.11,96.03,3.08,97.16,2,0.83,98,100,0,0,0,0.01,99.99,0,0.82,99.18,0,0.82,99.18,100,0,0,0,0.81,3.92,95.27,0,0,99.14,0,0.05,0.82,0.05
330019659004,Belknap County,New Hampshire,"Laconia, NH",33001,33,29060,micro,2026-07-01,2043,725,386,1,0,385,2,2,2,0,327.31,57.69,5,282.79,34.62,9.91,292.7,292.7,0,0,46.19,0,246.5,0,46.19,246.5,0,46.19,246.5,246.5,0,9.91,282.79,0,0,0,0,0,0,0,292.7,0,292.7,0.26,0,99.74,84.8,14.95,86.4,10.58,3.03,89.43,100,0,0,15.78,0,84.22,0,15.78,84.22,0,15.78,84.22,84.22,0,3.39,96.61,0,0,0,0,0,0,0,100,0,100
330019659001,Belknap County,New Hampshire,"Laconia, NH",33001,33,29060,micro,2026-07-01,887,562,469,0,0,469,3,3,3,0,392.9,76.1,8,52.6,108.11,232.2,284.8,284.8,0,0,55.2,0,229.6,0,55.2,229.6,0,55.2,229.6,229.6,0,9.7,50.66,0,1.94,0,222.5,0,1.94,0,282.86,0,284.8,0,0,100,83.77,16.23,13.39,27.52,59.1,72.49,100,0,0,19.38,0,80.62,0,19.38,80.62,0,19.38,80.62,80.62,0,3.41,17.79,0,0.68,0,78.12,0,0.68,0,99.32,0,100
330019659002,Belknap County,New Hampshire,"Laconia, NH",33001,33,29060,micro,2026-07-01,487,244,50,0,0,50,1,1,1,0,38.05,11.95,3,29.48,0,8.57,38.05,38.05,0,0,38.05,0,0,0,38.05,0,0,38.05,0,0,0,9.61,28.44,0,0,0,0,0,0,0,38.05,0,38.05,0,0,100,76.1,23.9,77.48,0,22.52,100,100,0,0,100,0,0,0,100,0,0,100,0,0,0,25.26,74.74,0,0,0,0,0,0,0,100,0,100
330019659003,Belknap County,New Hampshire,"Laconia, NH",33001,33,29060,micro,2026-07-01,771,554,91,1,0,90,1,1,1,0,71.39,18.61,4,18.37,1.19,51.82,70.2,70.2,0,0,67.11,0,3.09,0,67.11,3.09,0,67.11,3.09,3.09,0,51.82,18.37,0,0,0,0,0,0,0,70.2,0,70.2,1.1,0,98.9,78.45,20.45,25.73,1.67,72.59,98.33,100,0,0,95.6,0,4.4,0,95.6,4.4,0,95.6,4.4,4.4,0,73.82,26.17,0,0,0,0,0,0,0,100,0,100
330019653001,Belknap County,New Hampshire,"Laconia, NH",33001,33,29060,micro,2026-07-01,777,589,11038,1203,0,9835,3,3,3,0,9567.48,267.52,4,17.33,35.22,9514.93,9532.25,9532.25,0,0,428.62,3217.83,5885.8,0,449.08,9083.17,0,449.08,9083.17,9103.63,400.26,0,407.35,21.27,2817.57,5885.8,0,0,0.02,0,9532.23,0,9532.23,10.9,0,89.1,86.68,2.42,0.18,0.37,99.45,99.63,100,0,0,4.5,33.76,61.75,0,4.71,95.29,0,4.71,95.29,95.5,4.2,0,4.27,0.22,29.56,61.75,0,0,0,0,100,0,100
330019653002,Belknap County,New Hampshire,"Laconia, NH",33001,33,29060,micro,2026-07-01,1384,782,4430,184,0,4246,2,2,2,0,4017.4,228.6,6,0.69,24.16,3992.55,3993.24,3767.67,0,225.58,1360.2,2406.74,226.3,0,1360.2,2633.04,0,1360.2,2633.04,2407.47,0.37,0,855.25,0,2042.53,0.69,868.83,0,0,0,3767.67,0,3767.67,4.15,0,95.85,90.69,5.16,0.02,0.6,99.38,99.4,94.35,0,5.65,34.06,60.27,5.67,0,34.06,65.94,0,34.06,65.94,60.29,0.01,0,22.7,0,54.21,0.02,23.06,0,0,0,100,0,94.35
330019653003,Belknap County,New Hampshire,"Laconia, NH",33001,33,29060,micro,2026-07-01,1336,744,904,10,0,895,3,3,3,0,827.38,66.62,5,0.31,12.68,814.39,814.7,814.23,0,0.47,276.89,537.34,0.47,0,276.89,537.8,0,276.89,537.8,537.34,467.12,0,152.76,0,0,0,194.35,0,0.01,0,814.22,0,814.23,1.11,0,99,91.52,7.37,0.04,1.53,98.43,98.47,99.94,0,0.06,33.99,65.96,0.06,0,33.99,66.01,0,33.99,66.01,65.96,57.37,0,18.76,0,0,0,23.87,0,0,0,100,0,99.94
330019651001,Belknap County,New Hampshire,"Laconia, NH",33001,33,29060,micro,2026-07-01,955,744,8293,5,0,8289,5,5,5,0,8007.75,280.25,3,7629.75,0.11,377.89,8007.64,8007.64,0,0,10.17,7997.47,0,0,7623.5,384.14,0,7623.5,384.14,7997.47,7987.09,0,1.7,0,18.83,0,0.02,0,7987.07,8.47,12.09,0,7999.42,0.06,0,99.95,96.56,3.38,95.28,0,4.72,100,100,0,0,0.13,99.87,0,0,95.2,4.8,0,95.2,4.8,99.87,99.74,0,0.02,0,0.24,0,0,0,99.74,0.11,0.15,0,99.9
330019651002,Belknap County,New Hampshire,"Laconia, NH",33001,33,29060,micro,2026-07-01,1254,724,13116,734,0,12382,4,4,4,0,11985.1,396.9,2,11662.84,1.28,320.97,11983.82,11983.82,0,0,21.31,11962.51,0,0,11982.04,1.77,0,11982.04,1.77,11962.51,0.74,0,0,0,11981.13,0,1.95,0,0.74,0,11983.08,0,11983.82,5.6,0,94.4,91.38,3.03,97.31,0.01,2.68,99.99,100,0,0,0.18,99.82,0,0,99.99,0.01,0,99.99,0.01,99.82,0.01,0,0,0,99.98,0,0.02,0,0.01,0,99.99,0,100
330019651003,Belknap County,New Hampshire,"Laconia, NH",33001,33,29060,micro,2026-07-01,1255,416,10237,302,0,9934,5,5,5,0,9359.28,575.72,5,7801.52,237.89,1319.88,9121.4,9121.38,0,0.02,188.88,8931.46,1.06,0,9120.34,1.06,0,9120.34,1.06,8932.5,0.18,0,0,350.99,8769.17,1.05,0,0,1.08,0,9120.3,0,9120.31,2.95,0,97.04,91.43,5.62,83.36,2.54,14.1,97.46,100,0,0,2.07,97.92,0.01,0,99.99,0.01,0,99.99,0.01,97.93,0,0,0,3.85,96.14,0.01,0,0,0.01,0,99.99,0,99.99
330019652003,Belknap County,New Hampshire,"Laconia, NH",33001,33,29060,micro,2026-07-01,1268,743,1025,176,0,849,2,2,2,0,808.61,40.39,5,0.72,8.5,799.39,800.11,800.11,0,0,719.37,80.74,0,0,720.09,80.02,0,720.09,80.02,80.74,1.82,0,594.73,0,0.91,0,202.65,0,1.82,0,798.29,0,800.11,17.17,0,82.83,78.89,3.94,0.09,1.05,98.86,98.95,100,0,0,89.91,10.09,0,0,90,10,0,90,10,10.09,0.23,0,74.33,0,0.11,0,25.33,0,0.23,0,99.77,0,100
330019652001,Belknap County,New Hampshire,"Laconia, NH",33001,33,29060,micro,2026-07-01,1206,1596,6865,537,0,6328,3,3,3,0,6131.05,196.95,4,1886.01,122.82,4122.21,6008.22,6008.22,0,0,530.46,5477.76,0,0,530.49,5477.73,0,530.49,5477.73,5477.76,2587.95,0,530.46,0,1003.83,1885.98,0,0,0.03,0,6008.19,0,6008.22,7.82,0,92.18,89.31,2.87,30.76,2,67.23,98,100,0,0,8.83,91.17,0,0,8.83,91.17,0,8.83,91.17,91.17,43.07,0,8.83,0,16.71,31.39,0,0,0,0,100,0,100
330019652002,Belknap County,New Hampshire,"Laconia, NH",33001,33,29060,micro,2026-07-01,787,587,656,0,0,656,1,1,1,0,610.22,45.78,5,86.26,5.79,518.16,604.43,604.43,0,0,451.19,153.24,0,0,451.19,153.24,0,451.19,153.24,153.24,43.24,0,451.19,0,23.73,86.26,0,0,0,0,604.43,0,604.43,0,0,100,93.02,6.98,14.14,0.95,84.91,99.05,100,0,0,74.65,25.35,0,0,74.65,25.35,0,74.65,25.35,25.35,7.15,0,74.65,0,3.93,14.27,0,0,0,0,100,0,100
330019655981,Belknap County,New Hampshire,"Laconia, NH",33001,33,29060,micro,2026-07-01,1082,528,745,53,0,692,3,3,3,0,644.41,47.59,5,355.24,185.59,103.58,458.82,444.33,0,14.49,243.48,0,215.34,0,243.48,215.34,0,243.48,215.34,215.34,0.04,0,140.49,88.5,214.7,0.59,0,0,444.29,0,0,0.04,458.23,7.11,0,92.89,86.5,6.39,55.13,28.8,16.07,71.2,96.84,0,3.16,53.07,0,46.93,0,53.07,46.93,0,53.07,46.93,46.93,0.01,0,31.62,19.92,48.32,0.13,0,0,99.99,0,0,0.01,99.87
330019655982,Belknap County,New Hampshire,"Laconia, NH",33001,33,29060,micro,2026-07-01,1820,696,4166,0,0,4166,4,4,4,0,3845.76,320.24,5,3482.9,311.28,51.58,3534.48,3530.48,0.12,3.88,143.63,0,3390.85,0,143.46,3391.02,0,143.46,3391.02,3390.85,1.91,0,92.05,47.41,413,2976.11,0,0,3528.57,0,0,1.91,3531.52,0,0,100,92.31,7.69,90.56,8.09,1.34,91.91,99.89,0,0.11,4.06,0,95.94,0,4.06,95.94,0,4.06,95.94,95.94,0.05,0,2.61,1.34,11.7,84.3,0,0,99.95,0,0,0.05,99.92
330019655983,Belknap County,New Hampshire,"Laconia, NH",33001,33,29060,micro,2026-07-01,1161,751,2173,9,0,2164,3,3,3,0,2051.58,112.42,6,689.73,470.04,891.8,1581.54,1581.54,0,0,125.55,0,1455.99,0,125.66,1455.88,0,125.66,1455.88,1455.99,0,0,0,125.66,1255.1,200.78,0,0,1581.43,0,0,0.11,1581.43,0.41,0,99.59,94.41,5.17,33.62,22.91,43.47,77.09,100,0,0,7.94,0,92.06,0,7.95,92.05,0,7.95,92.05,92.06,0,0,0,7.95,79.36,12.7,0,0,99.99,0,0,0.01,99.99
330019656001,Belknap County,New Hampshire,"Laconia, NH",33001,33,29060,micro,2026-07-01,1820,820,9978,268,0,9710,5,5,5,0,9430.99,279.01,4,8459.32,0.09,971.58,9430.9,9430.85,0.05,0,9429.54,0.05,1.31,0,8458.04,972.85,0,8458.04,972.85,1.31,3.79,0,0,0,1162.05,8265.01,0,0,9403.12,0,27.73,0,9430.9,2.69,0,97.31,94.52,2.8,89.7,0,10.3,100,100,0,0,99.99,0,0.01,0,89.68,10.32,0,89.68,10.32,0.01,0.04,0,0,0,12.32,87.64,0,0,99.71,0,0.29,0,100
330019656002,Belknap County,New Hampshire,"Laconia, NH",33001,33,29060,micro,2026-07-01,1218,844,15392,563,0,14829,3,3,3,0,14455.29,373.71,4,10433.31,3.66,4018.32,14451.63,14451.63,0,0,14451.55,0.08,0,0,10878.99,3572.64,0,10878.99,3572.64,0.08,0,0,0,0,338.03,14113.59,0,0,14451.5,0,0.13,0,14451.63,3.66,0,96.34,93.91,2.43,72.18,0.03,27.8,99.97,100,0,0,100,0,0,0,75.28,24.72,0,75.28,24.72,0,0,0,0,0,2.34,97.66,0,0,100,0,0,0,100
330019656003,Belknap County,New Hampshire,"Laconia, NH",33001,33,29060,micro,2026-07-01,988,682,10784,310,0,10474,4,4,4,0,10257.58,216.42,3,7138.76,0,3118.81,10257.58,10257.58,0,0,10254.44,2.44,0.7,0,7138.9,3118.68,0,7138.9,3118.68,3.13,0,0,0,0,163.6,10093.98,0,0,10255.14,0,2.44,0,10257.58,2.87,0,97.13,95.12,2.01,69.59,0,30.4,100,100,0,0,99.97,0.02,0.01,0,69.6,30.4,0,69.6,30.4,0.03,0,0,0,0,1.59,98.41,0,0,99.98,0,0.02,0,100
330019657001,Belknap County,New Hampshire,"Laconia, NH",33001,33,29060,micro,2026-07-01,2256,1063,3247,0,0,3247,1,1,1,0,3072.3,174.7,2,879.88,0,2192.42,3072.3,3072.3,0,0,879.88,2192.42,0,0,0,3072.3,0,0,3072.3,2192.42,0,0,0,0,0,3072.3,0,0,0,0,2192.42,879.88,3072.3,0,0,100,94.62,5.38,28.64,0,71.36,100,100,0,0,28.64,71.36,0,0,0,100,0,0,100,71.36,0,0,0,0,0,100,0,0,0,0,71.36,28.64,100
330019657002,Belknap County,New Hampshire,"Laconia, NH",33001,33,29060,micro,2026-07-01,1335,586,13248,90,0,13158,3,3,3,0,12711.39,446.61,3,0,0,12711.39,12711.39,12711.39,0,0,230.48,12480.87,0.03,0,0.67,12710.71,0,0,12711.39,12480.9,0.67,0,0,0,0,12710.71,0,0,0.7,0,12710.68,0,12710.71,0.68,0,99.32,95.95,3.37,0,0,100,100,100,0,0,1.81,98.19,0,0,0.01,99.99,0,0,100,98.19,0.01,0,0,0,0,99.99,0,0,0.01,0,99.99,0,99.99
330019657003,Belknap County,New Hampshire,"Laconia, NH",33001,33,29060,micro,2026-07-01,1403,729,10046,209,0,9836,3,3,3,0,9478.1,358.9,3,476.45,0,9001.65,9478.1,9478.1,0,0,476.45,8996.22,5.43,0,2.99,9475.11,0,2.99,9475.11,9001.65,0,0,0,0,2.73,9475.37,0,0,8.42,0,8996.22,473.46,9478.1,2.08,0,97.91,94.35,3.57,5.03,0,94.97,100,100,0,0,5.03,94.92,0.06,0,0.03,99.97,0,0.03,99.97,94.97,0,0,0,0,0.03,99.97,0,0,0.09,0,94.92,5,100
330019658011,Belknap County,New Hampshire,"Laconia, NH",33001,33,29060,micro,2026-07-01,1171,530,3874,187,0,3687,2,2,2,0,3601.22,85.78,4,956.24,516.05,2128.94,3085.17,3085.17,0,0,2223.51,0,861.66,0,117.08,2968.1,0,117.08,2968.1,861.66,0,0,0,22.5,956.24,2106.43,0,0,978.74,0,2106.43,0,3085.17,4.83,0,95.17,92.96,2.21,26.55,14.33,59.12,85.67,100,0,0,72.07,0,27.93,0,3.79,96.21,0,3.79,96.21,27.93,0,0,0,0.73,30.99,68.28,0,0,31.72,0,68.28,0,100
330019658012,Belknap County,New Hampshire,"Laconia, NH",33001,33,29060,micro,2026-07-01,1536,651,3923,4,0,3919,2,2,2,0,3749.78,169.22,3,856.86,592.41,2300.51,3157.37,3157.37,0,0,2300.51,0,856.86,0,0.09,3157.28,0,0.09,3157.28,856.86,0,0.09,0.03,0,856.83,2300.42,0,0,856.83,0,2300.54,0,3157.37,0.1,0,99.9,95.58,4.31,22.85,15.8,61.35,84.2,100,0,0,72.86,0,27.14,0,0,100,0,0,100,27.14,0,0,0,0,27.14,72.86,0,0,27.14,0,72.86,0,100
330019658013,Belknap County,New Hampshire,"Laconia, NH",33001,33,29060,micro,2026-07-01,698,594,712,25,0,686,1,1,1,0,644.4,42.6,3,605.39,39.01,0,605.39,605.39,0,0,0,0,605.39,0,0,605.39,0,0,605.39,605.39,0,0,0,0,605.39,0,0,0,605.39,0,0,0,605.39,3.51,0,96.35,90.51,5.98,93.95,6.05,0,93.95,100,0,0,0,0,100,0,0,100,0,0,100,100,0,0,0,0,100,0,0,0,100,0,0,0,100
330019658021,Belknap County,New Hampshire,"Laconia, NH",33001,33,29060,micro,2026-07-01,1736,815,5376,70,0,5306,4,4,4,0,5137.92,168.08,4,609.07,341.24,4187.61,4796.68,4796.68,0,0,4332.68,0,464,0,145.28,4651.4,0,145.28,4651.4,464,0,0,0,0,608.1,4188.37,0.21,0,609.79,0,4186.89,0,4796.68,1.3,0,98.7,95.57,3.13,11.85,6.64,81.5,93.36,100,0,0,90.33,0,9.67,0,3.03,96.97,0,3.03,96.97,9.67,0,0,0,0,12.68,87.32,0,0,12.71,0,87.29,0,100
330019658022,Belknap County,New Hampshire,"Laconia, NH",33001,33,29060,micro,2026-07-01,759,467,1261,35,0,1226,2,2,2,0,1173.42,52.58,4,144.75,65.86,962.8,1107.55,1107.55,0,0,1107.55,0,0,0,201.35,906.21,0,201.35,906.21,0,0,0,0,56.1,144.75,906.71,0,0,206.73,0,900.83,0,1101.67,2.78,0,97.22,93.05,4.17,12.34,5.61,82.05,94.39,100,0,0,100,0,0,0,18.18,81.82,0,18.18,81.82,0,0,0,0,5.07,13.07,81.87,0,0,18.67,0,81.34,0,99.47
330019658023,Belknap County,New Hampshire,"Laconia, NH",33001,33,29060,micro,2026-07-01,1492,619,3566,3,0,3563,3,3,3,0,3422.7,140.3,6,409.86,730.71,2282.13,2691.99,2691.99,0,0,2481.9,0,210.09,0,402.07,2289.92,0,402.07,2289.92,210.09,0,0,0,202.3,411.3,2078.39,0,0,613.88,0,2078.1,0,2691.91,0.08,0,99.92,95.98,3.93,11.97,21.35,66.68,78.65,100,0,0,92.2,0,7.8,0,14.94,85.06,0,14.94,85.06,7.8,0,0,0,7.51,15.28,77.21,0,0,22.8,0,77.2,0,100
330019660001,Belknap County,New Hampshire,"Laconia, NH",33001,33,29060,micro,2026-07-01,249,114,286,1,0,284,2,2,2,0,219.46,65.54,6,203.62,0.05,15.78,219.4,219.4,0,0,180.84,0,38.56,0,180.84,38.56,0,180.84,38.56,38.56,0,15.78,203.59,0,0.03,0,0,0,0.03,0,219.37,0,219.4,0.35,0,99.3,76.73,22.92,92.78,0.02,7.19,99.97,100,0,0,82.42,0,17.58,0,82.42,17.58,0,82.42,17.58,17.58,0,7.19,92.79,0,0.01,0,0,0,0.01,0,99.99,0,100
330019660002,Belknap County,New Hampshire,"Laconia, NH",33001,33,29060,micro,2026-07-01,1173,453,178,11,0,167,2,2,2,0,122.47,44.53,4,104.34,0,18.13,122.47,122.47,0,0,51.27,0,71.2,0,51.17,71.3,0,51.17,71.3,71.2,0,18.03,104.18,0,0.16,0.1,0,0,0.16,0,122.31,0,122.47,6.18,0,93.82,68.8,25.02,85.2,0,14.8,100,100,0,0,41.86,0,58.14,0,41.78,58.22,0,41.78,58.22,58.14,0,14.72,85.07,0,0.13,0.08,0,0,0.13,0,99.87,0,100
330019660003,Belknap County,New Hampshire,"Laconia, NH",33001,33,29060,micro,2026-07-01,484,363,166,3,0,163,2,2,2,0,133.07,29.93,5,36.26,3.25,93.55,129.81,129.81,0,0,114.39,0,15.42,0,114.39,15.42,0,114.39,15.42,15.42,0,93.55,36.26,0,0,0,0,0,0,0,129.81,0,129.81,1.81,0,98.19,80.16,18.03,27.25,2.44,70.3,97.55,100,0,0,88.12,0,11.88,0,88.12,11.88,0,88.12,11.88,11.88,0,72.07,27.93,0,0,0,0,0,0,0,100,0,100
330019660004,Belknap County,New Hampshire,"Laconia, NH",33001,33,29060,micro,2026-07-01,1790,784,264,0,0,264,1,1,1,0,228.12,35.88,5,180.6,3.67,43.85,224.45,224.45,0,0,47.37,0,177.07,0,47.37,177.07,0,47.37,177.07,177.07,0,21.44,180.6,0,0,0,22.41,0,0,0,224.45,0,224.45,0,0,100,86.41,13.59,79.17,1.61,19.22,98.39,100,0,0,21.1,0,78.89,0,21.1,78.89,0,21.1,78.89,78.89,0,9.55,80.46,0,0,0,9.98,0,0,0,100,0,100
330019660005,Belknap County,New Hampshire,"Laconia, NH",33001,33,29060,micro,2026-07-01,1715,688,3375,549,0,2826,2,2,2,0,2716.36,109.64,7,2357.38,103.41,255.57,2612.95,2612.95,0,0,162.66,0,2450.29,0,162.66,2450.29,0,162.66,2450.29,2450.29,0,111.85,207.07,0,0,2150.39,143.65,0,0,0,2612.95,0,2612.95,16.27,0,83.73,80.48,3.25,86.78,3.81,9.41,96.19,100,0,0,6.23,0,93.77,0,6.23,93.77,0,6.23,93.77,93.77,0,4.28,7.92,0,0,82.3,5.5,0,0,0,100,0,100
330019661001,Belknap County,New Hampshire,"Laconia, NH",33001,33,29060,micro,2026-07-01,1273,451,128,0,0,128,1,1,1,0,102.81,25.19,3,24.4,2.63,75.77,100.18,100.18,0,0,99.26,0,0.92,0,99.26,0.92,0,99.26,0.92,0.92,0,75.74,24.4,0,0,0,0.03,0,0,0,100.18,0,100.18,0,0,100,80.32,19.68,23.73,2.56,73.7,97.44,100,0,0,99.08,0,0.92,0,99.08,0.92,0,99.08,0.92,0.92,0,75.6,24.36,0,0,0,0.03,0,0,0,100,0,100
330019661002,Belknap County,New Hampshire,"Laconia, NH",33001,33,29060,micro,2026-07-01,980,741,567,92,0,474,1,1,1,0,412.25,62.75,4,280.71,10.14,121.4,402.11,402.11,0,0,76.5,0,325.61,0,76.5,325.61,0,76.5,325.61,325.61,0,48.47,280.71,0,0,0,72.93,0,0,0,402.11,0,402.11,16.23,0,83.6,72.71,11.07,68.09,2.46,29.45,97.54,100,0,0,19.02,0,80.98,0,19.02,80.98,0,19.02,80.98,80.98,0,12.05,69.81,0,0,0,18.14,0,0,0,100,0,100
330019661003,Belknap County,New Hampshire,"Laconia, NH",33001,33,29060,micro,2026-07-01,921,346,220,1,0,219,1,1,1,0,191.82,27.18,5,151.12,8.25,32.45,183.57,183.57,0,0,61.14,0,122.43,0,61.14,122.43,0,61.14,122.43,122.43,0,8.62,151.12,0,0,0,23.83,0,0,0,183.57,0,183.57,0.45,0,99.55,87.19,12.35,78.78,4.3,16.92,95.7,100,0,0,33.31,0,66.69,0,33.31,66.69,0,33.31,66.69,66.69,0,4.7,82.32,0,0,0,12.98,0,0,0,100,0,100
330019661004,Belknap County,New Hampshire,"Laconia, NH",33001,33,29060,micro,2026-07-01,600,456,2030,259,0,1770,2,2,2,0,1720.43,50.57,4,1696.9,0.46,23.07,1719.97,1719.97,0,0,0,0.01,1719.96,0,0,1719.97,0,0,1719.97,1719.97,0,0,435.79,0,0.01,1261.1,23.06,0,0,0,1719.97,0,1719.97,12.76,0,87.19,84.75,2.49,98.63,0.03,1.34,99.97,100,0,0,0,0,100,0,0,100,0,0,100,100,0,0,25.34,0,0,73.32,1.34,0,0,0,100,0,100
330019661005,Belknap County,New Hampshire,"Laconia, NH",33001,33,29060,micro,2026-07-01,391,830,1092,1,0,1091,2,2,2,0,1060.45,30.55,4,654.67,14.82,390.96,1045.63,1045.63,0,0,328.56,0.05,717.02,0,328.56,717.07,0,328.56,717.07,717.07,0,0,486.32,0,0.05,496.92,62.35,0,0,0,1045.63,0,1045.63,0.09,0,99.91,97.11,2.8,61.74,1.4,36.87,98.6,100,0,0,31.42,0,68.57,0,31.42,68.58,0,31.42,68.58,68.58,0,0,46.51,0,0,47.52,5.96,0,0,0,100,0,100
330019662001,Belknap County,New Hampshire,"Laconia, NH",33001,33,29060,micro,2026-07-01,1385,2270,2641,29,0,2612,3,3,3,0,2491.91,120.09,7,1424.83,205.46,861.62,2286.45,2286.45,0,0,1241.33,1.71,1043.41,0,1241.33,1045.12,0,1241.33,1045.12,1045.12,0,33.16,1324.75,0,1.71,787.58,139.25,0,1.71,0,2284.75,0,2286.45,1.1,0,98.9,94.35,4.55,57.18,8.25,34.58,91.75,100,0,0,54.29,0.07,45.63,0,54.29,45.71,0,54.29,45.71,45.71,0,1.45,57.94,0,0.07,34.45,6.09,0,0.07,0,99.93,0,100
330019662002,Belknap County,New Hampshire,"Laconia, NH",33001,33,29060,micro,2026-07-01,1936,741,503,2,0,501,2,2,2,0,458.05,42.95,4,332.92,21.65,103.48,436.4,436.4,0,0,192.35,0.35,243.7,0,192.35,244.05,0,192.35,244.05,244.05,0,103.48,332.58,0,0.35,0,0,0,0.35,0,436.05,0,436.4,0.4,0,99.6,91.06,8.54,72.68,4.73,22.59,95.27,100,0,0,44.08,0.08,55.84,0,44.08,55.92,0,44.08,55.92,55.92,0,23.71,76.21,0,0.08,0,0,0,0.08,0,99.92,0,100
330019664011,Belknap County,New Hampshire,"Laconia, NH",33001,33,29060,micro,2026-07-01,1241,2077,3244,43,0,3200,2,2,2,0,2915.99,285.01,4,2005.49,653.4,257.1,2262.59,2262.59,0,0,257.1,2005.49,0,0,257.1,2005.49,0,257.1,2005.49,2005.49,0,0,0.74,0,1598.31,663.54,0,0,2261.85,0,0.74,0,2262.59,1.33,0,98.64,89.89,8.79,68.78,22.41,8.82,77.59,100,0,0,11.36,88.64,0,0,11.36,88.64,0,11.36,88.64,88.64,0,0,0.03,0,70.64,29.33,0,0,99.97,0,0.03,0,100
330019664031,Belknap County,New Hampshire,"Laconia, NH",33001,33,29060,micro,2026-07-01,1358,503,1201,8,0,1193,2,2,2,0,1038.04,154.96,4,783.59,254.41,0.05,783.64,783.64,0,0,148.49,614.69,20.46,0,148.49,635.15,0,148.49,635.15,635.15,0,0.05,21.06,0,762.52,0,0,0,762.52,0,21.12,0,783.64,0.67,0,99.33,86.43,12.9,75.49,24.51,0,75.49,100,0,0,18.95,78.44,2.61,0,18.95,81.05,0,18.95,81.05,81.05,0,0.01,2.69,0,97.3,0,0,0,97.3,0,2.7,0,100
330019664032,Belknap County,New Hampshire,"Laconia, NH",33001,33,29060,micro,2026-07-01,1630,802,2322,0,0,2322,1,1,1,0,2158.22,163.78,7,1687.01,124.27,346.95,2033.95,1938.07,95.89,0,877.65,1156.3,0,0,665.73,1368.22,0,665.73,1368.22,1060.41,0,0,0,0,1652.94,285.12,0,0,1938.07,0,0,0,2033.95,0,0,100,92.95,7.05,78.17,5.76,16.08,94.24,95.29,4.71,0,43.15,56.85,0,0,32.73,67.27,0,32.73,67.27,52.14,0,0,0,0,85.29,14.71,0,0,100,0,0,0,100
330019664033,Belknap County,New Hampshire,"Laconia, NH",33001,33,29060,micro,2026-07-01,1263,788,4033,366,0,3666,1,1,1,0,3474.56,192.44,4,2905.05,0,569.5,3474.56,3474.56,0,0,2680.86,793.7,0,0,1455.25,2019.31,0,1455.25,2019.31,793.7,0,0,0,0,2248.95,1225.61,0,0,3474.56,0,0,0,3474.56,9.08,0,90.9,86.15,4.77,83.61,0,16.39,100,100,0,0,77.16,22.84,0,0,41.88,58.12,0,41.88,58.12,22.84,0,0,0,0,64.73,35.27,0,0,100,0,0,0,100
330019664041,Belknap County,New Hampshire,"Laconia, NH",33001,33,29060,micro,2026-07-01,1092,402,2363,78,0,2284,3,3,3,0,2128.93,156.07,5,1953.14,104.17,71.61,2024.75,1961.17,63.58,0,1519.03,502.13,3.59,0,903.16,1121.59,0,903.16,1121.59,442.14,0,0,3.45,0,1333.85,623.73,0.13,0,1957.55,0,3.62,0,2024.75,3.3,0,96.66,90.09,6.6,91.74,4.89,3.36,95.11,96.86,3.14,0,75.02,24.8,0.18,0,44.61,55.39,0,44.61,55.39,21.84,0,0,0.18,0,68.01,31.8,0.01,0,99.82,0,0.18,0,100
330019664042,Belknap County,New Hampshire,"Laconia, NH",33001,33,29060,micro,2026-07-01,1246,641,11473,3680,0,7794,4,4,4,0,7635.53,157.47,4,7389.51,0,246.03,7635.53,7635.53,0,0,6869.93,764.14,1.46,0,3299.65,4335.88,0,3299.65,4335.88,765.6,0,0,0,0,3997.73,3637.81,0,0,7635.53,0,0.01,0,7635.53,32.08,0,67.93,66.55,1.37,96.78,0,3.22,100,100,0,0,89.97,10.01,0.02,0,43.21,56.79,0,43.21,56.79,10.03,0,0,0,0,52.36,47.64,0,0,100,0,0,0,100
330019665011,Belknap County,New Hampshire,"Laconia, NH",33001,33,29060,micro,2026-07-01,1867,663,10511,107,0,10404,5,5,5,0,10119.87,284.13,1,99.17,0,10020.69,10119.87,10119.87,0,0,199.99,13.38,9906.5,0,10102.62,17.24,0,10102.62,17.24,9919.88,16.61,0,53.02,77.77,47.79,9924.66,0,0,10102.62,0,13.38,3.87,10119.86,1.02,0,98.98,96.28,2.7,0.98,0,99.02,100,100,0,0,1.98,0.13,97.89,0,99.83,0.17,0,99.83,0.17,98.02,0.16,0,0.52,0.77,0.47,98.07,0,0,99.83,0,0.13,0.04,100
330019665012,Belknap County,New Hampshire,"Laconia, NH",33001,33,29060,micro,2026-07-01,1545,1583,14128,395,0,13733,5,5,5,0,13232.47,500.53,3,848.41,11.88,12372.18,13220.59,13220.59,0,0,1091.81,0,12128.78,0,12473.43,747.15,0,12473.43,747.15,12128.78,0,0,36.44,843.69,928.64,11411.82,0,0.68,12487.79,0,732.13,0,13220.59,2.8,0,97.2,93.66,3.54,6.41,0.09,93.5,99.91,100,0,0,8.26,0,91.74,0,94.35,5.65,0,94.35,5.65,91.74,0,0,0.28,6.38,7.02,86.32,0,0.01,94.46,0,5.54,0,100
330019665021,Belknap County,New Hampshire,"Laconia, NH",33001,33,29060,micro,2026-07-01,1378,920,10522,763,0,9758,3,3,3,0,9292.14,466.86,3,769.61,0.72,8521.81,9291.42,9291.42,0,0,2369.19,0,6922.23,0,8543.3,748.12,0,8543.3,748.12,6922.23,10.85,0,117.53,755.49,2228.42,6179.13,0,0,8542.25,0,749.17,0,9291.42,7.25,0,92.74,88.31,4.44,8.28,0.01,91.71,99.99,100,0,0,25.5,0,74.5,0,91.95,8.05,0,91.95,8.05,74.5,0.12,0,1.26,8.13,23.98,66.5,0,0,91.94,0,8.06,0,100
330019665022,Belknap County,New Hampshire,"Laconia, NH",33001,33,29060,micro,2026-07-01,700,581,3020,151,0,2869,1,1,1,0,2713.5,155.5,3,1870.01,0,843.49,2713.5,2713.5,0,0,337.7,0,2375.79,0,843.49,1870.01,0,843.49,1870.01,2375.79,0,0,0,1870.01,337.7,505.78,0,0,843.49,0,1870.01,0,2713.5,5,0,95,89.85,5.15,68.92,0,31.08,100,100,0,0,12.45,0,87.55,0,31.08,68.92,0,31.08,68.92,87.55,0,0,0,68.92,12.45,18.64,0,0,31.08,0,68.92,0,100
330019665023,Belknap County,New Hampshire,"Laconia, NH",33001,33,29060,micro,2026-07-01,504,867,1237,0,0,1237,1,1,1,0,1016.9,220.1,5,822.38,44.95,149.57,971.95,971.95,0,0,192.35,0,779.6,0,192.42,779.53,0,192.42,779.53,779.6,0,0,84.52,822.38,64.98,0.08,0,0,192.42,0,779.53,0,971.95,0,0,100,82.21,17.79,80.87,4.42,14.71,95.58,100,0,0,19.79,0,80.21,0,19.8,80.2,0,19.8,80.2,80.21,0,0,8.7,84.61,6.69,0.01,0,0,19.8,0,80.2,0,100
